{
	"name": "Bazel (Community)",
	"build": {
		"dockerfile": "Dockerfile",
		"args": {
			"BAZELISK_VERSION": "v1.10.1",
			"BAZELISK_DOWNLOAD_SHA": "4cb534c52cdd47a6223d4596d530e7c9c785438ab3b0a49ff347e991c210b2cd"
		}
	},

	// Configure tool-specific properties.
	"customizations": {
		// Configure properties specific to VS Code.
		"vscode": {
			// Add the IDs of extensions you want installed when the container is created.
			"extensions": [
				"devondcarew.bazel-code"
			]
		}
	},

	// Use 'forwardPorts' to make a list of ports inside the container available locally.
	// "forwardPorts": [],
	// Use 'postCreateCommand' to run commands after the container is created.
	// "postCreateCommand": "uname -a",
	// Uncomment when using a ptrace-based debugger like C++, Go, and Rust
	// "runArgs": [ "--cap-add=SYS_PTRACE", "--security-opt", "seccomp=unconfined" ],
	// Set `remoteUser` to `root` to connect as root instead. More info: https://aka.ms/vscode-remote/containers/non-root.
	"remoteUser": "vscode"
}
