{
	"id": "elixir-phoenix-postgres",
	"version": "1.0.0",
	"name": "Elixir, Phoenix, Node.js & PostgresSQL",
	"description": "Develop Elixir/Phoenix based applications. Includes everything you need to get up and running.",
	"documentationURL": "https://github.com/microsoft/vscode-dev-containers/tree/main/containers/elixir-phoenix-postgres",
	"publisher": "Community",
	"licenseURL": "https://github.com/microsoft/vscode-dev-containers/blob/main/LICENSE",
	"platforms": [
		"Elixir",
		"Postgres DB"
	]
}
