{
	"name": "Bash (Community)",
	"build": {
		"dockerfile": "Dockerfile"
	},

	// Configure tool-specific properties.
	"customizations": {
		// Configure properties specific to VS Code.
		"vscode": {
			// Set *default* container specific settings.json values on container create.
			"settings": { 
				"terminal.integrated.defaultProfile.linux": "bash"
			},
			
			// Add the IDs of extensions you want installed when the container is created.
			"extensions": [
				"mads-hartmann.bash-ide-vscode",
				"rogalmic.bash-debug"
			]
		}
	},
	
	// Use 'forwardPorts' to make a list of ports inside the container available locally.
	"forwardPorts": [],
	
	// Use 'postCreateCommand' to run commands after the container is created.
	// "postCreateCommand": "uname -a",
	
	// Uncomment to connect as a non-root user. See https://aka.ms/vscode-remote/containers/non-root.
	"remoteUser": "vscode"
}