{
	"name": "Docker from Docker",
	"dockerFile": "Dockerfile",
	"runArgs": ["--init"],
	"mounts": [ "source=/var/run/docker.sock,target=/var/run/docker-host.sock,type=bind" ],
	"overrideCommand": false,
	
	// Use this environment variable if you need to bind mount your local source code into a new container.
	"remoteEnv": {
		"LOCAL_WORKSPACE_FOLDER": "${localWorkspaceFolder}"
	},

	// Configure tool-specific properties.
	"customizations": {
		// Configure properties specific to VS Code.
		"vscode": {	
			// Add the IDs of extensions you want installed when the container is created.
			"extensions": [
				"ms-azuretools.vscode-docker"
			]
		}
	},
	
	// Use 'forwardPorts' to make a list of ports inside the container available locally.
	// "forwardPorts": [],

	// Use 'postCreateCommand' to run commands after the container is created.
	// "postCreateCommand": "docker --version",

	// Comment out to connect as root instead. More info: https://aka.ms/vscode-remote/containers/non-root.
	"remoteUser": "vscode"
}
