{
	"id": "azure-bicep",
	"version": "1.0.0",
	"name": "Azure Bicep",
	"description": "Debian container with the Azure Bicep, Azure CLI, related extensions, and dependencies.",
	"documentationURL": "https://github.com/microsoft/vscode-dev-containers/tree/main/containers/azure-bicep",
	"publisher": "Community",
	"licenseURL": "https://github.com/microsoft/vscode-dev-containers/blob/main/LICENSE",
	"options": {
		"imageVariant": {
			"type": "string",
			"description": ".NET Core version:",
			"proposals": [
				"3.1",
				"2.1"
			],
			"default": "3.1"
		}
	},
	"platforms": [
		"Azure"
	]
}
