{
	"id": "azure-functions-dotnetcore-3.1",
	"version": "1.0.0",
	"name": "Azure Functions & C- .NET Core 3.1",
	"description": "Develop Azure Functions in C#. Includes NET Core 3.1, the Azure Functions SDK, and related extensions and dependencies.",
	"documentationURL": "https://github.com/microsoft/vscode-dev-containers/tree/main/containers/azure-functions-dotnetcore-3.1",
	"publisher": "Community",
	"licenseURL": "https://github.com/microsoft/vscode-dev-containers/blob/main/LICENSE",
	"platforms": [
		"Azure Functions",
		".NET Core",
		"C#"
	]
}