{
	"name": "Java & PostgreSQL",
	"dockerComposeFile": "docker-compose.yml",
	"service": "app",
	"workspaceFolder": "/workspace",

	// Configure tool-specific properties.
	"customizations": {
		// Configure properties specific to VS Code.
		"vscode": {
			// Set *default* container specific settings.json values on container create.
			"settings": { 
			},
			
			// Add the IDs of extensions you want installed when the container is created.
			"extensions": [
				"vscjava.vscode-java-pack"
			]
		}
	},

	// Use 'forwardPorts' to make a list of ports inside the container available locally.
	// This can be used to network with other containers or with the host.
	// "forwardPorts": [5432],

	// Use 'postCreateCommand' to run commands after the container is created.
	// "postCreateCommand": "java -version",

	// Comment out to connect as root instead. More info: https://aka.ms/vscode-remote/containers/non-root.
	"remoteUser": "vscode"
}
