{
	"name": "Azure Functions & Java 8",
	"dockerFile": "Dockerfile",
	"forwardPorts": [ 7071 ],

	// Configure tool-specific properties.
	"customizations": {
		// Configure properties specific to VS Code.
		"vscode": {
			// Set *default* container specific settings.json values on container create.
			"settings": { 
				"java.import.gradle.java.home": "/usr/lib/jvm/zulu-8-amd64",
				"java.configuration.runtimes": [
					{
					  "default": true,
					  "name": "JavaSE-1.8",
					  "path": "/usr/lib/jvm/zulu-8-amd64"
					}
				]
			},
			
			// Add the IDs of extensions you want installed when the container is created.
			"extensions": [
				"ms-azuretools.vscode-azurefunctions",
				"vscjava.vscode-java-pack"
			]
		}
	},

	// Use 'postCreateCommand' to run commands after the container is created.
	// "postCreateCommand": "java -version",

	// Set `remoteUser` to `root` to connect as root instead. More info: https://aka.ms/vscode-remote/containers/non-root.
	"remoteUser": "vscode"
}
