{
  "name": "Haskell (Community)",
  "build": {
    "dockerfile": "Dockerfile"
  },
  // Configure tool-specific properties.
  "customizations": {
    // Configure properties specific to VS Code.
    "vscode": {
      // Set *default* container specific settings.json values on container create.
      "settings": {
        "haskell.manageHLS": "GHCup"
      },
      // Add the IDs of extensions you want installed when the container is created.
      "extensions": [
        "haskell.haskell"
      ]
    }
  },
  // Comment out to connect as root instead. To add a non-root user, see: https://aka.ms/vscode-remote/containers/non-root.
  "remoteUser": "vscode"
}
