{
	"name": "Azure Static Web Apps",
	"build": {
		"dockerfile": "Dockerfile",
		"args": {
			// Please look at runtime version support to make sure you're using compatible versions
			// https://docs.microsoft.com/en-us/azure/azure-functions/supported-languages#languages-by-runtime-version
			"NODE_VERSION": "16",
			"CORE_TOOLS_VERSION": "4"
		}
	},
	"forwardPorts": [ 7071, 4280 ],

	// Configure tool-specific properties.
	"customizations": {
		// Configure properties specific to VS Code.
		"vscode": {
			// Add the IDs of extensions you want installed when the container is created.
			"extensions": [
				"ms-azuretools.vscode-azurefunctions",
				"ms-azuretools.vscode-azurestaticwebapps",
				"ms-dotnettools.csharp",
				"ms-python.python",
				"dbaeumer.vscode-eslint"
			]
		}
	},

	// Use 'postCreateCommand' to run commands after the container is created.
	// "postCreateCommand": "node --version",

	// Set `remoteUser` to `root` to connect as root instead. More info: https://aka.ms/vscode-remote/containers/non-root.
	"remoteUser": "vscode"
}
