{
	"name": "C++",
	"build": {
		"dockerfile": "Dockerfile",
		// Update 'VARIANT' to pick an Debian / Ubuntu OS version: debian-11, debian-10, ubuntu-22.04, ubuntu-20.04, ubuntu-18.04
		// Use Debian 11, Ubuntu 18.04 or Ubuntu 22.04 on local arm64/Apple Silicon
		"args": { "VARIANT": "debian-11" }
	},
	"runArgs": ["--cap-add=SYS_PTRACE", "--security-opt", "seccomp=unconfined"],

	// Configure tool-specific properties.
	"customizations": {
		// Configure properties specific to VS Code.
		"vscode": {
			// Add the IDs of extensions you want installed when the container is created.
			"extensions": [
				"ms-vscode.cpptools",
				"ms-vscode.cmake-tools"
			]
		}
	},

	// Use 'forwardPorts' to make a list of ports inside the container available locally.
	// "forwardPorts": [],

	// Use 'postCreateCommand' to run commands after the container is created.
	// "postCreateCommand": "gcc -v",

	// Comment out to connect as root instead. More info: https://aka.ms/vscode-remote/containers/non-root.
	"remoteUser": "vscode"
}
