{
	"name": "F# (.NET)",
	"build": {
		"dockerfile": "Dockerfile",
		"args": {
			// Options
			"NODE_VERSION": "lts/*"
		}
	},

	// Configure tool-specific properties.
	"customizations": {
		// Configure properties specific to VS Code.
		"vscode": {		
			// Add the IDs of extensions you want installed when the container is created.
			"extensions": [
				"Ionide.Ionide-fsharp",
				"ms-dotnettools.csharp"
			]
		}
	},

	// Use 'forwardPorts' to make a list of ports inside the container available locally.
	// "forwardPorts": [],

	// Use 'postCreateCommand' to run commands after the container is created.
	// "postCreateCommand": "dotnet restore",

	// Comment out to connect as root instead. More info: https://aka.ms/vscode-remote/containers/non-root.
	"remoteUser": "vscode"
}
