{
	"id": "azure-terraform",
	"version": "1.0.0",
	"name": "Azure Terraform",
	"description": "_build, change, and version Azure infrastructure with terraform_",
	"documentationURL": "https://github.com/microsoft/vscode-dev-containers/tree/main/containers/azure-terraform",
	"publisher": "Community",
	"licenseURL": "https://github.com/microsoft/vscode-dev-containers/blob/main/LICENSE",
	"options": {
		"installZsh": {
			"type": "boolean",
			"description": "Install ZSH!?",
			"default": "true"
		},
		"upgradePackages": {
			"type": "boolean",
			"description": "Upgrade OS packages?",
			"default": "false"
		},
		"installAzureCli": {
			"type": "boolean",
			"description": "Install Azure CLI!?",
			"default": "true"
		},
		"installDockerCli": {
			"type": "boolean",
			"description": "Install Docker CLI!?",
			"default": "true"
		},
		"nodeVersion": {
			"type": "string",
			"description": "Node.js version:",
			"proposals": [
				"none",
				"lts/*",
				"16",
				"14",
				"12",
				"10"
			],
			"default": "lts/*"
		}
	},
	"platforms": [
		"Azure",
		"Terraform"
	]
}
