{
	"id": "azure-static-web-apps",
	"version": "1.0.0",
	"name": "Azure Static Web Apps",
	"description": "Develop Azure Static Web Apps & Azure Functions in any supported language. Includes Node.js, eslint, Python, .NET Core, the Azure Functions SDK, and related extensions and dependencies.",
	"documentationURL": "https://github.com/microsoft/vscode-dev-containers/tree/main/containers/azure-static-web-apps",
	"publisher": "Community",
	"licenseURL": "https://github.com/microsoft/vscode-dev-containers/blob/main/LICENSE",
	"platforms": [
		"Azure Functions",
		"Python",
		"C#",
		"Node.js",
		"JavaScript"
	]
}
