{
	"id": "azure-functions-pwsh",
	"version": "1.0.0",
	"name": "Azure Functions & PowerShell",
	"description": "Develop Azure Functions in PowerShell. Includes .NET Core , PowerShell, the Azure Functions SDK, and related extensions and dependencies.",
	"documentationURL": "https://github.com/microsoft/vscode-dev-containers/tree/main/containers/azure-functions-pwsh",
	"publisher": "Community",
	"licenseURL": "https://github.com/microsoft/vscode-dev-containers/blob/main/LICENSE",
	"options": {
		"imageVariant": {
			"type": "string",
			"description": "Update the VARIANT arg in devcontainer.json to pick a supported PowerShell version:",
			"proposals": [
				"7",
				"6"
			],
			"default": "7"
		}
	},
	"platforms": [
		"Azure Functions",
		".NET Core",
		"PowerShell"
	]
}
