{
	"name": "C++ and MariaDB",
	"dockerComposeFile": "docker-compose.yml",
	"service": "app",
	"workspaceFolder": "/workspace",

	// Configure tool-specific properties.
	"customizations": {
		// Configure properties specific to VS Code.
		"vscode": {
			// Add the IDs of extensions you want installed when the container is created.
			"extensions": [
				"ms-vscode.cpptools",
				"ms-vscode.cmake-tools",
				"ms-vscode.cpptools-extension-pack"
			]
		}
	},

	// Use 'forwardPorts' to make a list of ports inside the container available locally.
	// This is the recommended way to access the container from the host
	// "forwardPorts": [3306],

	// Use 'postCreateCommand' to run commands after the container is created.
	// "postCreateCommand": "gcc -v",

	// Comment out to connect as root instead. More info: https://aka.ms/vscode-remote/containers/non-root.
	"remoteUser": "vscode"
}
