{ 
	"name": "Azure Machine Learning", 
	"dockerFile": "Dockerfile", 

	// This line allows you to use Docker runconfigs if you set "sharedVolumes": false
	"mounts": [ "source=/var/run/docker.sock,target=/var/run/docker.sock,type=bind" ],

	// Configure tool-specific properties.
	"customizations": {
		// Configure properties specific to VS Code.
		"vscode": {
			// Set *default* container specific settings.json values on container create.
			"settings": { 
				"python.defaultInterpreterPath": "/opt/conda/bin/python",
				"python.linting.enabled": true,
				"python.linting.pylintEnabled": true,
				"python.formatting.autopep8Path": "/opt/conda/bin/flake8",
				"python.formatting.yapfPath": "/opt/conda/bin/flake8",
				"python.linting.flake8Path": "/opt/conda/bin/flake8",
				"python.linting.pycodestylePath": "/opt/conda/bin/pycodestyle",
				"python.linting.pydocstylePath": "/opt/conda/bin/pydocstyle",
				"python.linting.pylintPath": "/opt/conda/bin/pylint",
				"python.testing.pytestPath": "/opt/conda/bin/pytest"
			},
			
			// Add the IDs of extensions you want installed when the container is created.
			"extensions": [
				"ms-toolsai.vscode-ai",
				"ms-azuretools.vscode-docker"
			]
		}
	}

	// Use 'forwardPorts' to make a list of ports inside the container available locally.
	// "forwardPorts": [],

	// Use 'postCreateCommand' to run commands after the container is created.
	// "postCreateCommand": "pip install -r requirements.txt",

	// Uncomment to connect as a non-root user. See https://aka.ms/vscode-remote/containers/non-root.
	// "remoteUser": "vscode"
} 