{
	"id": "azure-cli",
	"version": "1.0.0",
	"name": "Azure CLI",
	"description": "Debian container with the Azure CLI, related extensions, and dependencies.",
	"documentationURL": "https://github.com/microsoft/vscode-dev-containers/tree/main/containers/azure-cli",
	"publisher": "Community",
	"licenseURL": "https://github.com/microsoft/vscode-dev-containers/blob/main/LICENSE",
	"options": {
		"installZsh": {
			"type": "boolean",
			"description": "Install ZSH!?",
			"default": "true"
		},
		"upgradePackages": {
			"type": "boolean",
			"description": "Upgrade OS packages?",
			"default": "false"
		}
	},
	"platforms": [
		"Azure"
	]
}
