{
	"name": "Azure Functions & Node.js",
	"build": {
		"dockerfile": "Dockerfile"
	},
	"forwardPorts": [ 7071 ],

	// Configure tool-specific properties.
	"customizations": {
		// Configure properties specific to VS Code.
		"vscode": {			
			// Add the IDs of extensions you want installed when the container is created.
			"extensions": [
				"ms-azuretools.vscode-azurefunctions",
				"dbaeumer.vscode-eslint"
			]
		}
	},

	// Use 'postCreateCommand' to run commands after the container is created.
	// "postCreateCommand": "npm install",

	// Set `remoteUser` to `root` to connect as root instead. More info: https://aka.ms/vscode-remote/containers/non-root.
	"remoteUser": "node"
}
